cognome;nome;note;cf;piva;tel;rf;Tipo Permesso;primo GG;Ultimo GG;ora inizio ;ora fine
Harry;Wilkins;;yz0l2knifi0lib9f;;3922274930;334619;RC;18/04/2018;15/05/2018;00:00;23:59
Audrey;Powell;;0gf07ppnic577l48;;3922274928;677474;RC;18/04/2018;15/05/2018;00:00;23:59
Thomas;Bower;;9wf9scqirx9rd7tf;;3922274929;315147;RC;18/04/2018;15/05/2018;00:00;23:59
Ava;Hemmings;;sdozuu5kowb1ox00;;3922274929;455426;RC;18/04/2018;15/05/2018;00:00;23:59
Elizabeth;Manning;;ueko1g0hwdqbi7wk;;3922274929;619141;RC;18/04/2018;15/05/2018;00:00;23:59
Elizabeth;Hart;;0gpa9awgavgygoe4;;3922274929;848749;RC;18/04/2018;15/05/2018;00:00;23:59
Matt;Peake;;ep81q1btwsg5bjyg;;3922274929;785339;RC;18/04/2018;15/05/2018;00:00;23:59
Cameron;Jackson;;3mddzubjxfism0xf;;3922274929;461252;RC;18/04/2018;15/05/2018;00:00;23:59
Sally;Morrison;;u3fwl67ajxdtochd;;3922274929;569874;RC;18/04/2018;15/05/2018;00:00;23:59
Caroline;Clarkson;;9o3ww7t8s0d30qpt;;3922274929;820928;RC;18/04/2018;15/05/2018;00:00;23:59
Lucas;Davidson;;gcrsw8z33965rhl7;;3922274929;815232;RC;18/04/2018;15/05/2018;00:00;23:59
Bernadette;Lawrence;;s3l9bmrvlj216qo1;;3922274929;657780;RC;18/04/2018;15/05/2018;00:00;23:59
Gavin;Ogden;;t228k0yz1diquwql;;3922274929;356526;RC;18/04/2018;15/05/2018;00:00;23:59
Sophie;Hodges;;63i9okil2wi9oi2w;;3922274929;761748;RC;18/04/2018;15/05/2018;00:00;23:59
Thomas;Wallace;;eg3qy30v84w0mgmw;;3922274929;465185;RC;18/04/2018;15/05/2018;00:00;23:59
Ava;Marshall;;hjqzocwilwo2umba;;3922274929;817811;RC;18/04/2018;15/05/2018;00:00;23:59
John;Henderson;;mf5ix5pkly4kwwng;;3922274929;611767;RC;18/04/2018;15/05/2018;00:00;23:59
Joshua;Greene;;vkfxfkz2vcn6xqp7;;3922274929;542372;RC;18/04/2018;15/05/2018;00:00;23:59
Sean;Underwood;;ndxxy19yhs970wq9;;3922274929;838218;RC;18/04/2018;15/05/2018;00:00;23:59
Stewart;Morrison;;9drd4qj9iyz8ba06;;3922274929;745180;RC;18/04/2018;15/05/2018;00:00;23:59
Mary;Carr;;ocrol3ri8qu4d38u;;3922274929;448253;RC;18/04/2018;15/05/2018;00:00;23:59
Richard;Gray;;rdm3pp7snrhqug8z;;3922274929;234219;RC;18/04/2018;15/05/2018;00:00;23:59
Elizabeth;Dyer;;4kml3br03en7b7g7;;3922274929;313731;RC;18/04/2018;15/05/2018;00:00;23:59
Jonathan;Arnold;;a0apc47ak1v6ajam;;3922274929;448309;RC;18/04/2018;15/05/2018;00:00;23:59
Boris;Sanderson;;d4k1wk0p1t3wntez;;3922274929;876997;RC;18/04/2018;15/05/2018;00:00;23:59
Adrian;Howard;;ltyeu86aewtfoqwg;;3922274929;639290;RC;18/04/2018;15/05/2018;00:00;23:59
Edward;Terry;;hqnxfueo95egwfbt;;3922274929;878318;RC;18/04/2018;15/05/2018;00:00;23:59
Keith;Sutherland;;chgprps5rpzr5ytg;;3922274929;726055;RC;18/04/2018;15/05/2018;00:00;23:59
Ella;Lambert;;j2he6zi04p5pl9jd;;3922274929;237506;RC;18/04/2018;15/05/2018;00:00;23:59
Wendy;Ince;;u32h6ezzzgvq4b4b;;3922274929;646415;RC;18/04/2018;15/05/2018;00:00;23:59
Alexander;Wallace;;f8a8mz1c2854ym40;;3922274929;442346;RC;18/04/2018;15/05/2018;00:00;23:59
Emma;Poole;;u2t46lq2452llszv;;3922274929;580665;RC;18/04/2018;15/05/2018;00:00;23:59
Bernadette;Ogden;;4lc8kj0nkq1vzgf2;;3922274929;542185;RC;18/04/2018;15/05/2018;00:00;23:59
Samantha;Langdon;;ks3k6ytyq424q01g;;3922274929;322965;RC;18/04/2018;15/05/2018;00:00;23:59
Richard;Paige;;ncyerjebqck9uo7e;;3922274929;718930;RC;18/04/2018;15/05/2018;00:00;23:59
Joan;Nolan;;p76h7fo5iiumo33h;;3922274929;356369;RC;18/04/2018;15/05/2018;00:00;23:59
Victor;Sutherland;;etjh8fbccihaij9b;;3922274929;520729;RC;18/04/2018;15/05/2018;00:00;23:59
Diane;Lyman;;5u8g6faxpr7oyioe;;3922274929;852172;RC;18/04/2018;15/05/2018;00:00;23:59
Ian;Davies;;qd7dpyhnnmadqggs;;3922274929;794809;RC;18/04/2018;15/05/2018;00:00;23:59
Luke;Johnston;;g9omqlkqdu43fyem;;3922274929;84334;RC;18/04/2018;15/05/2018;00:00;23:59
Emily;Chapman;;di1f5x7tlm5hr453;;3922274929;699931;RC;18/04/2018;15/05/2018;00:00;23:59
Vanessa;Black;;33hmr0judhmmm5rs;;3922274929;415000;RC;18/04/2018;15/05/2018;00:00;23:59
Rose;Fraser;;zmequ52fgkofigbc;;3922274929;789454;RC;18/04/2018;15/05/2018;00:00;23:59
Olivia;Baker;;a3eng9u6hq8niaev;;3922274929;868007;RC;18/04/2018;15/05/2018;00:00;23:59
Eric;Allan;;72vt9rbta4vjzi8s;;3922274929;448889;RC;18/04/2018;15/05/2018;00:00;23:59
Audrey;Morgan;;mmjpy2vuuq82oq91;;3922274929;826078;RC;18/04/2018;15/05/2018;00:00;23:59
Thomas;Graham;;oex1a2y3nw71gryv;;3922274929;679991;RC;18/04/2018;15/05/2018;00:00;23:59
Tracey;Langdon;;9ru6f96uomx4ud2n;;3922274929;123870;RC;18/04/2018;15/05/2018;00:00;23:59
Austin;Nolan;;hwughr0oaxny2yr0;;3922274929;204651;RC;18/04/2018;15/05/2018;00:00;23:59
Michael;Morrison;;nap4m2ticbafeqyv;;3922274929;67566;RC;18/04/2018;15/05/2018;00:00;23:59
Sue;North;;nlujj4uy3liuvptp;;3922274929;165064;RC;18/04/2018;15/05/2018;00:00;23:59
Justin;MacLeod;;68txwqhcslpa323l;;3922274929;370933;RC;18/04/2018;15/05/2018;00:00;23:59
Karen;Gray;;ma4jg1tlz8kosq0v;;3922274929;427133;RC;18/04/2018;15/05/2018;00:00;23:59
Brandon;Hughes;;wvmy0qqvr5v28icu;;3922274929;213522;RC;18/04/2018;15/05/2018;00:00;23:59
Ava;Edmunds;;d67mjsljsspedubn;;3922274929;170090;RC;18/04/2018;15/05/2018;00:00;23:59
Kevin;Duncan;;m29v1oghd1136uc6;;3922274929;54295;RC;18/04/2018;15/05/2018;00:00;23:59
Colin;Arnold;;gsn3fv3dr4joh3dl;;3922274929;19163;RC;18/04/2018;15/05/2018;00:00;23:59
Christopher;Skinner;;lijs8xngz1t6h65s;;3922274929;916513;RC;18/04/2018;15/05/2018;00:00;23:59
Edward;Edmunds;;ygo8n04cx6cp6qv7;;3922274929;759910;RC;18/04/2018;15/05/2018;00:00;23:59
Victor;Duncan;;7fay9yf74plwfv02;;3922274929;941243;RC;18/04/2018;15/05/2018;00:00;23:59
Phil;MacLeod;;ag1o0yupk8ewsfud;;3922274929;437778;RC;18/04/2018;15/05/2018;00:00;23:59
Jacob;Murray;;fioldjl32urq9i8i;;3922274929;572238;RC;18/04/2018;15/05/2018;00:00;23:59
Theresa;Duncan;;wbqfluqap2w3f120;;3922274929;796439;RC;18/04/2018;15/05/2018;00:00;23:59
Justin;Mathis;;q1cjpgz9yyhe3kla;;3922274929;354997;RC;18/04/2018;15/05/2018;00:00;23:59
Diana;Hamilton;;2ad9m6itjwmtkhng;;3922274929;724292;RC;18/04/2018;15/05/2018;00:00;23:59
Alan;King;;tdod7tuexyjowkc7;;3922274929;493267;RC;18/04/2018;15/05/2018;00:00;23:59
James;Hunter;;xcxa1nb1eawcnjv6;;3922274929;102923;RC;18/04/2018;15/05/2018;00:00;23:59
Boris;Miller;;a91jgwhqgoc96mqm;;3922274929;507570;RC;18/04/2018;15/05/2018;00:00;23:59
Samantha;Fisher;;u6icvciwk99vk8av;;3922274929;654364;RC;18/04/2018;15/05/2018;00:00;23:59
Christopher;Pullman;;e067xb8u87lii899;;3922274929;682579;RC;18/04/2018;15/05/2018;00:00;23:59
Trevor;Clarkson;;116aly44sk67et2t;;3922274929;63000;RC;18/04/2018;15/05/2018;00:00;23:59
Megan;Harris;;oayo07pbmtmq3sck;;3922274929;734900;RC;18/04/2018;15/05/2018;00:00;23:59
Jessica;Sharp;;hektcqxcbykapjwi;;3922274929;771023;RC;18/04/2018;15/05/2018;00:00;23:59
Trevor;Sutherland;;f2el029p1dwktdsn;;3922274929;609373;RC;18/04/2018;15/05/2018;00:00;23:59
Sam;Coleman;;0m01v00h5jx3z9mr;;3922274929;587632;RC;18/04/2018;15/05/2018;00:00;23:59
Jan;Gill;;6tr2uo3zhi4qmf9w;;3922274929;776776;RC;18/04/2018;15/05/2018;00:00;23:59
Edward;Scott;;z2psbw4uu6naptl9;;3922274929;408166;RC;18/04/2018;15/05/2018;00:00;23:59
Christian;Dyer;;dlhojksomee2piv5;;3922274929;360062;RC;18/04/2018;15/05/2018;00:00;23:59
Warren;Underwood;;mkqn4tmcqd1dnx8q;;3922274929;716516;RC;18/04/2018;15/05/2018;00:00;23:59
Trevor;Bell;;9q6ad64o55aem606;;3922274929;621674;RC;18/04/2018;15/05/2018;00:00;23:59
Theresa;White;;wc8oniau7o2dvh1v;;3922274929;821062;RC;18/04/2018;15/05/2018;00:00;23:59
Neil;Parsons;;lwezhl7bxf98fxv5;;3922274929;781132;RC;18/04/2018;15/05/2018;00:00;23:59
Jake;Buckland;;e3mleao10k83llrr;;3922274929;120007;RC;18/04/2018;15/05/2018;00:00;23:59
Piers;Hughes;;4o1fnwifcrkwotsd;;3922274929;138571;RC;18/04/2018;15/05/2018;00:00;23:59
Katherine;Ferguson;;o8nyvjc4he122q7j;;3922274929;413942;RC;18/04/2018;15/05/2018;00:00;23:59
Brandon;Hardacre;;whfhkyg4lh1dnpuh;;3922274929;465636;RC;18/04/2018;15/05/2018;00:00;23:59
Una;Reid;;j1vcednehcnyjcnn;;3922274929;250791;RC;18/04/2018;15/05/2018;00:00;23:59
Carl;Wilkins;;z2jesay1k5gwas6m;;3922274929;393628;RC;18/04/2018;15/05/2018;00:00;23:59
Alison;Robertson;;9wj47toz236axzyk;;3922274929;285517;RC;18/04/2018;15/05/2018;00:00;23:59
Sebastian;Parsons;;w6ghkxuoxzx2s0gy;;3922274929;947518;RC;18/04/2018;15/05/2018;00:00;23:59
Maria;Bailey;;6cgilqqc0unq6je6;;3922274929;953176;RC;18/04/2018;15/05/2018;00:00;23:59
Jacob;Dickens;;j6kb9pkvj5zp99nw;;3922274929;275894;RC;18/04/2018;15/05/2018;00:00;23:59
Rose;Churchill;;rqxkrz8ovyvcxh9m;;3922274929;338284;RC;18/04/2018;15/05/2018;00:00;23:59
Warren;Peters;;dbmcmtm394klh56q;;3922274929;5119;RC;18/04/2018;15/05/2018;00:00;23:59
Amy;Paige;;b5sjax2kjdqmbs5i;;3922274929;695322;RC;18/04/2018;15/05/2018;00:00;23:59
Amelia;Piper;;yy4z0tumebiqd1vb;;3922274929;787436;RC;18/04/2018;15/05/2018;00:00;23:59
Brandon;Abraham;;wj55srtz8g60qg9e;;3922274929;883761;RC;18/04/2018;15/05/2018;00:00;23:59
Liam;Wright;;kr4o384hf574pssu;;3922274929;522988;RC;18/04/2018;15/05/2018;00:00;23:59
Una;Newman;;03ub31i973hh8kai;;3922274929;776570;RC;18/04/2018;15/05/2018;00:00;23:59
Diana;Fraser;;39znmd6ztbnao1kq;;3922274929;650988;RC;18/04/2018;15/05/2018;00:00;23:59
Alan;Poole;;3i5xcc27pynu8bz9;;3922274929;987320;RC;18/04/2018;15/05/2018;00:00;23:59
Jason;Graham;;jh18rpggb1vh2c5o;;3922274929;555159;RC;18/04/2018;15/05/2018;00:00;23:59
Gabrielle;Burgess;;7h3tfdqv2nahahvw;;3922274929;615836;RC;18/04/2018;15/05/2018;00:00;23:59
Jessica;Short;;nf8g4564z7wn966y;;3922274929;26262;RC;18/04/2018;15/05/2018;00:00;23:59
Ryan;Mills;;ah0jefe101wv1694;;3922274929;334951;RC;18/04/2018;15/05/2018;00:00;23:59
Liam;Edmunds;;7bs45ulw6a0b8riu;;3922274929;626621;RC;18/04/2018;15/05/2018;00:00;23:59
Justin;Nash;;qdry4ys3d0bo366t;;3922274929;146208;RC;18/04/2018;15/05/2018;00:00;23:59
Jessica;Wilkins;;6ynlgb91lmq4hs4t;;3922274929;487348;RC;18/04/2018;15/05/2018;00:00;23:59
Jan;Ball;;60xe6whgxshm86uk;;3922274929;527166;RC;18/04/2018;15/05/2018;00:00;23:59
Joseph;Gill;;vgxs08nf0gk6focu;;3922274929;547558;RC;18/04/2018;15/05/2018;00:00;23:59
Edward;Langdon;;mmcmrck8233i14iv;;3922274929;91236;RC;18/04/2018;15/05/2018;00:00;23:59
Ian;Lee;;c9uxhbgsf5q8gqg8;;3922274929;232659;RC;18/04/2018;15/05/2018;00:00;23:59
Liam;Dyer;;v1ej9k9qx6lqcm9d;;3922274929;105121;RC;18/04/2018;15/05/2018;00:00;23:59
Jacob;Arnold;;9fpfbcyogkndxbtc;;3922274929;6944;RC;18/04/2018;15/05/2018;00:00;23:59
Anna;Henderson;;xkwx6uud3q1kmh50;;3922274929;451077;RC;18/04/2018;15/05/2018;00:00;23:59
Charles;Churchill;;217k5mxjwvlzjozj;;3922274929;522837;RC;18/04/2018;15/05/2018;00:00;23:59
Oliver;Pullman;;2sbpx93142j6s4pe;;3922274929;719868;RC;18/04/2018;15/05/2018;00:00;23:59
Phil;Nash;;h1aahva7nejlk3jw;;3922274929;662004;RC;18/04/2018;15/05/2018;00:00;23:59
Felicity;Hunter;;6l05k40xgfj9uexw;;3922274929;534376;RC;18/04/2018;15/05/2018;00:00;23:59
Frank;Abraham;;70ml1p20uho4vlgh;;3922274929;967259;RC;18/04/2018;15/05/2018;00:00;23:59
Irene;Randall;;6bglnja4dlp1qfnc;;3922274929;716651;RC;18/04/2018;15/05/2018;00:00;23:59
Blake;Martin;;map51lunrp55qb86;;3922274929;610741;RC;18/04/2018;15/05/2018;00:00;23:59
Sam;Dickens;;dgqsxnj5gh3fhrp6;;3922274929;508094;RC;18/04/2018;15/05/2018;00:00;23:59
Rebecca;MacLeod;;ubpu8z2yio8ow03x;;3922274929;863970;RC;18/04/2018;15/05/2018;00:00;23:59
Sam;Graham;;l4p4jadd4kbgvvqp;;3922274929;601673;RC;18/04/2018;15/05/2018;00:00;23:59
Amy;Mathis;;5rju5y5wardikmxp;;3922274929;204000;RC;18/04/2018;15/05/2018;00:00;23:59
John;Hunter;;u4ssuwysu3otfpml;;3922274929;13628;RC;18/04/2018;15/05/2018;00:00;23:59
Wanda;Henderson;;l6ok3lc82h9p2bpk;;3922274929;588592;RC;18/04/2018;15/05/2018;00:00;23:59
Adam;Rampling;;u562pv5blb0u9u3v;;3922274929;22157;RC;18/04/2018;15/05/2018;00:00;23:59
Michael;Walker;;j6lm0qbqqgx7tcd3;;3922274929;928278;RC;18/04/2018;15/05/2018;00:00;23:59
Frank;Clark;;go3stkup4gvgi2cm;;3922274929;178036;RC;18/04/2018;15/05/2018;00:00;23:59
Jasmine;Carr;;v2b9ktrd0gi841zw;;3922274929;572735;RC;18/04/2018;15/05/2018;00:00;23:59
Felicity;Peters;;g5djsb3sk35yiptz;;3922274929;629276;RC;18/04/2018;15/05/2018;00:00;23:59
Thomas;Arnold;;wby9gpcaulx825p2;;3922274929;195230;RC;18/04/2018;15/05/2018;00:00;23:59
Paul;Graham;;q0n0bha79v5ew0zi;;3922274929;850999;RC;18/04/2018;15/05/2018;00:00;23:59
Jane;Nash;;fl057akwla4zqewg;;3922274929;323400;RC;18/04/2018;15/05/2018;00:00;23:59
Leonard;Wilson;;cfe6tlto9f91v8wo;;3922274929;3628;RC;18/04/2018;15/05/2018;00:00;23:59
Justin;Thomson;;8s17x29aetq568z2;;3922274929;744778;RC;18/04/2018;15/05/2018;00:00;23:59
Vanessa;Gill;;h6ivn6z01ztet25o;;3922274929;598063;RC;18/04/2018;15/05/2018;00:00;23:59
Peter;Alsop;;k76myxxd89r2vpxz;;3922274929;211106;RC;18/04/2018;15/05/2018;00:00;23:59
Vanessa;Underwood;;2cdzq70t7fj3l1y3;;3922274929;172833;RC;18/04/2018;15/05/2018;00:00;23:59
Angela;Hart;;wf1wba1hl82svagm;;3922274929;513604;RC;18/04/2018;15/05/2018;00:00;23:59
Matt;Rees;;p98lwxuewq0ov6rw;;3922274929;734395;RC;18/04/2018;15/05/2018;00:00;23:59
Amanda;McGrath;;8sdmpaqh3xdl2s0u;;3922274929;518328;RC;18/04/2018;15/05/2018;00:00;23:59
Donna;Vance;;27o4hw5qnv1n44x0;;3922274929;135986;RC;18/04/2018;15/05/2018;00:00;23:59
Cameron;Butler;;20q15uqs2ysh3p59;;3922274929;624855;RC;18/04/2018;15/05/2018;00:00;23:59
Christopher;Davidson;;skaavypvq0td2z1q;;3922274929;894165;RC;18/04/2018;15/05/2018;00:00;23:59
Benjamin;Mackenzie;;rt7h65ja9d2lgj78;;3922274929;762460;RC;18/04/2018;15/05/2018;00:00;23:59
Una;Gray;;40pn6jkqes1j27ol;;3922274929;47291;RC;18/04/2018;15/05/2018;00:00;23:59
Abigail;Lee;;s9u5cek5tk9zjisf;;3922274929;184476;RC;18/04/2018;15/05/2018;00:00;23:59
Olivia;Roberts;;s6c8yhcca8ft3whz;;3922274929;822591;RC;18/04/2018;15/05/2018;00:00;23:59
Lucas;Black;;0b3qllujg34dc4hf;;3922274929;804509;RC;18/04/2018;15/05/2018;00:00;23:59
Jake;Forsyth;;iv76zfnhugpzmqao;;3922274929;949910;RC;18/04/2018;15/05/2018;00:00;23:59
Felicity;Sharp;;2skwwaxe3btpzp6p;;3922274929;17505;RC;18/04/2018;15/05/2018;00:00;23:59
Kylie;Morrison;;lm82o00qvc12383i;;3922274929;293352;RC;18/04/2018;15/05/2018;00:00;23:59
Bella;Tucker;;zqmtky372navs9zl;;3922274929;402818;RC;18/04/2018;15/05/2018;00:00;23:59
Phil;Duncan;;0wacpe6vmspy48h8;;3922274929;147823;RC;18/04/2018;15/05/2018;00:00;23:59
Faith;Quinn;;34n66tl5tfv8au2g;;3922274929;101429;RC;18/04/2018;15/05/2018;00:00;23:59
Alexander;Chapman;;f2k49h92y836117n;;3922274929;264818;RC;18/04/2018;15/05/2018;00:00;23:59
Ava;North;;9zgr1azo9kx00vut;;3922274929;234099;RC;18/04/2018;15/05/2018;00:00;23:59
Kimberly;Hill;;yx3htsgwtowc6kot;;3922274929;196416;RC;18/04/2018;15/05/2018;00:00;23:59
Una;Ellison;;8u0oivqz5mq1agfc;;3922274929;879563;RC;18/04/2018;15/05/2018;00:00;23:59
Lauren;Simpson;;8ueu73po3l2r6scx;;3922274929;252143;RC;18/04/2018;15/05/2018;00:00;23:59
James;Simpson;;jad5gs5odzllv5bb;;3922274929;852022;RC;18/04/2018;15/05/2018;00:00;23:59
Megan;King;;vvr1rjst63b8e92s;;3922274929;856967;RC;18/04/2018;15/05/2018;00:00;23:59
Ian;Cornish;;tsd9fxhh6wkckbu9;;3922274929;823875;RC;18/04/2018;15/05/2018;00:00;23:59
Nathan;Avery;;now38pt7y6dozl1q;;3922274929;552402;RC;18/04/2018;15/05/2018;00:00;23:59
Andrew;Welch;;rilzaeodtmbvurh5;;3922274929;848417;RC;18/04/2018;15/05/2018;00:00;23:59
Donna;Scott;;aqopkv4eyo7f9it9;;3922274929;247294;RC;18/04/2018;15/05/2018;00:00;23:59
Bella;Bower;;gkqqt2ob49xw10bl;;3922274929;960766;RC;18/04/2018;15/05/2018;00:00;23:59
Max;Dyer;;h116k3vc7x6rfw7f;;3922274929;213861;RC;18/04/2018;15/05/2018;00:00;23:59
Sue;Springer;;vx8i7g08rpwird2e;;3922274929;135449;RC;18/04/2018;15/05/2018;00:00;23:59
Piers;Quinn;;eoa99zml6p04g7up;;3922274929;141135;RC;18/04/2018;15/05/2018;00:00;23:59
Paul;Buckland;;9hmgn4zaoiyo92ut;;3922274929;973676;RC;18/04/2018;15/05/2018;00:00;23:59
Colin;Hunter;;77p5fuvfb5m1a5dh;;3922274929;272350;RC;18/04/2018;15/05/2018;00:00;23:59
William;Hamilton;;pxvzcexi69t8xw5w;;3922274929;513333;RC;18/04/2018;15/05/2018;00:00;23:59
Dominic;Underwood;;wvwny7bf3uwq0z1p;;3922274929;922199;RC;18/04/2018;15/05/2018;00:00;23:59
Dan;Coleman;;n3u6x83dsvwk2p4m;;3922274929;136183;RC;18/04/2018;15/05/2018;00:00;23:59
John;Powell;;4xsfbggd98uyl2yj;;3922274929;366047;RC;18/04/2018;15/05/2018;00:00;23:59
Anna;Underwood;;3or00nexbb7h4d2t;;3922274929;147819;RC;18/04/2018;15/05/2018;00:00;23:59
Anthony;Grant;;10jc8fcbnf4hmtm8;;3922274929;794663;RC;18/04/2018;15/05/2018;00:00;23:59
Melanie;Morgan;;dzwqrinmhxaoz20l;;3922274929;798360;RC;18/04/2018;15/05/2018;00:00;23:59
Dorothy;MacLeod;;qxx6nljnay4ssegh;;3922274929;900321;RC;18/04/2018;15/05/2018;00:00;23:59
Boris;Churchill;;rg13093d1u41dngf;;3922274929;35361;RC;18/04/2018;15/05/2018;00:00;23:59
Liam;Campbell;;2y8snnatuij8tthp;;3922274929;184127;RC;18/04/2018;15/05/2018;00:00;23:59
Sue;Randall;;0s8z6psmayddqz2s;;3922274929;648552;RC;18/04/2018;15/05/2018;00:00;23:59
Joan;Hodges;;d7seajfcfoxjzazl;;3922274929;367923;RC;18/04/2018;15/05/2018;00:00;23:59
Brian;Short;;uq0n8g7nztqxcovj;;3922274929;512751;RC;18/04/2018;15/05/2018;00:00;23:59
Justin;Gill;;f0t2iep644tjowuo;;3922274929;831823;RC;18/04/2018;15/05/2018;00:00;23:59
Lily;Anderson;;c0nwzrcy1walo1c1;;3922274929;115816;RC;18/04/2018;15/05/2018;00:00;23:59
Virginia;May;;g420wh8ihglxqcz1;;3922274929;193093;RC;18/04/2018;15/05/2018;00:00;23:59
Megan;Metcalfe;;fbm8o5b8t47rdl3u;;3922274929;854073;RC;18/04/2018;15/05/2018;00:00;23:59
Caroline;Paterson;;ox91955ob2fvv715;;3922274929;151453;RC;18/04/2018;15/05/2018;00:00;23:59
Michelle;Buckland;;xd1nkk2us42n9nsp;;3922274929;625202;RC;18/04/2018;15/05/2018;00:00;23:59
Evan;Rampling;;wiavb73lsesu891y;;3922274929;190673;RC;18/04/2018;15/05/2018;00:00;23:59
Sebastian;Scott;;x8qwjm8vfaly8b9w;;3922274929;22217;RC;18/04/2018;15/05/2018;00:00;23:59
Stewart;Gill;;77w15iwgk7b9mqha;;3922274929;150642;RC;18/04/2018;15/05/2018;00:00;23:59
Natalie;Langdon;;q0g4wve7888h6f1g;;3922274929;774179;RC;18/04/2018;15/05/2018;00:00;23:59
Hannah;Walker;;ijatfjdzsm34e8gx;;3922274929;326871;RC;18/04/2018;15/05/2018;00:00;23:59
Jake;Russell;;jksuin3j6a593rjx;;3922274929;927405;RC;18/04/2018;15/05/2018;00:00;23:59
Ella;Walsh;;nzhx0t9zyfx7lnf2;;3922274929;522933;RC;18/04/2018;15/05/2018;00:00;23:59
Oliver;Ball;;su8kjxqgmrwa7ed3;;3922274929;314624;RC;18/04/2018;15/05/2018;00:00;23:59
Joe;May;;93328ie31c5k01jo;;3922274929;138221;RC;18/04/2018;15/05/2018;00:00;23:59
Irene;Wilson;;hqbpflhnhl9okul6;;3922274929;18398;RC;18/04/2018;15/05/2018;00:00;23:59
Warren;Stewart;;w8djined4vp9n13d;;3922274929;84981;RC;18/04/2018;15/05/2018;00:00;23:59
Fiona;Hamilton;;ii04knzz86w1fon1;;3922274929;492007;RC;18/04/2018;15/05/2018;00:00;23:59
Donna;Watson;;47anw749p62hlxe2;;3922274929;361379;RC;18/04/2018;15/05/2018;00:00;23:59
Gordon;Parr;;gxs81xqe69a8oeu4;;3922274929;333405;RC;18/04/2018;15/05/2018;00:00;23:59
Bernadette;Avery;;euto6dogqqs12yzr;;3922274929;114517;RC;18/04/2018;15/05/2018;00:00;23:59
Alison;Johnston;;9e7bhi2ltzn4jkrg;;3922274929;673293;RC;18/04/2018;15/05/2018;00:00;23:59
Melanie;Bailey;;7cgtze9eyxrg24mq;;3922274929;111127;RC;18/04/2018;15/05/2018;00:00;23:59
Sally;Simpson;;8yzkckhgo2v79o1q;;3922274929;81145;RC;18/04/2018;15/05/2018;00:00;23:59
Charles;Ball;;hyanntvzgc41422y;;3922274929;72375;RC;18/04/2018;15/05/2018;00:00;23:59
Leonard;Powell;;1dwf6ku7vup9dnld;;3922274929;189507;RC;18/04/2018;15/05/2018;00:00;23:59
Colin;McGrath;;y16mvvfpiubbtvbw;;3922274929;124775;RC;18/04/2018;15/05/2018;00:00;23:59
Diana;Brown;;ncxb3lwkb670e8nm;;3922274929;239623;RC;18/04/2018;15/05/2018;00:00;23:59
Julian;Harris;;n9rd8rll897p7op9;;3922274929;471901;RC;18/04/2018;15/05/2018;00:00;23:59
Justin;Mitchell;;83y8saaeyjf791ga;;3922274929;748567;RC;18/04/2018;15/05/2018;00:00;23:59
Peter;Hill;;ns0zogftahqb7iyy;;3922274929;953065;RC;18/04/2018;15/05/2018;00:00;23:59
Robert;Gibson;;zdrqhxzaxxr2abds;;3922274929;17337;RC;18/04/2018;15/05/2018;00:00;23:59
Benjamin;Davies;;xciv0edrdsssfvu0;;3922274929;995708;RC;18/04/2018;15/05/2018;00:00;23:59
Caroline;Lewis;;f8pj6dz1aqkag63u;;3922274929;569820;RC;18/04/2018;15/05/2018;00:00;23:59
Blake;Cornish;;ao9xh8me52hfjq73;;3922274929;846513;RC;18/04/2018;15/05/2018;00:00;23:59
Lauren;Hughes;;elssmp3jynay9g4d;;3922274929;638398;RC;18/04/2018;15/05/2018;00:00;23:59
Phil;North;;ldj0i1rp1iq0r3hy;;3922274929;597742;RC;18/04/2018;15/05/2018;00:00;23:59
William;Miller;;8kovs0fyur43euek;;3922274929;155551;RC;18/04/2018;15/05/2018;00:00;23:59
Julian;Alsop;;boub5z9ip2h0nzyz;;3922274929;713308;RC;18/04/2018;15/05/2018;00:00;23:59
Justin;Hunter;;3s3cq68xzvay53dz;;3922274929;665865;RC;18/04/2018;15/05/2018;00:00;23:59
Liam;Ferguson;;22mu2zyz8sh7jzxo;;3922274929;71339;RC;18/04/2018;15/05/2018;00:00;23:59
Lillian;Manning;;ju5upga8qjqowsoq;;3922274929;750539;RC;18/04/2018;15/05/2018;00:00;23:59
Benjamin;Underwood;;x4pft3w4riqy2ymo;;3922274929;517695;RC;18/04/2018;15/05/2018;00:00;23:59
Deirdre;Sanderson;;6mf4on0yq9njy51a;;3922274929;282962;RC;18/04/2018;15/05/2018;00:00;23:59
William;Rampling;;m71cc5z1yxr85xfa;;3922274929;515720;RC;18/04/2018;15/05/2018;00:00;23:59
Gabrielle;Greene;;9i4nodthwwl5p0tq;;3922274929;640770;RC;18/04/2018;15/05/2018;00:00;23:59
Sean;McLean;;l431uykiooekl8b0;;3922274929;290859;RC;18/04/2018;15/05/2018;00:00;23:59
Megan;Tucker;;d1vpgslh9r94ux6b;;3922274929;433234;RC;18/04/2018;15/05/2018;00:00;23:59
Nathan;Rutherford;;r8bsuebmnn41ia2y;;3922274929;119260;RC;18/04/2018;15/05/2018;00:00;23:59
Amanda;Cornish;;bfe47han9j8docu3;;3922274929;73480;RC;18/04/2018;15/05/2018;00:00;23:59
Lisa;Buckland;;46u5h21bqkk9abjf;;3922274929;46204;RC;18/04/2018;15/05/2018;00:00;23:59
Brandon;Edmunds;;rbntljcrywlrskii;;3922274929;127619;RC;18/04/2018;15/05/2018;00:00;23:59
Anthony;Skinner;;739ms0xg0yhnxuwo;;3922274929;676404;RC;18/04/2018;15/05/2018;00:00;23:59
Diane;Rampling;;gzayv5xe7sj5ah4a;;3922274929;871444;RC;18/04/2018;15/05/2018;00:00;23:59
Owen;Churchill;;erf8m9v0karnojok;;3922274929;264035;RC;18/04/2018;15/05/2018;00:00;23:59
Victoria;Henderson;;r06fall5mri9ybw8;;3922274929;973689;RC;18/04/2018;15/05/2018;00:00;23:59
Justin;Glover;;szog28t4n1yv6vi9;;3922274929;661896;RC;18/04/2018;15/05/2018;00:00;23:59
Jessica;Greene;;7iy64u0onpdn6icg;;3922274929;698236;RC;18/04/2018;15/05/2018;00:00;23:59
Diane;Bower;;sdvi78o0iil2r8la;;3922274929;944078;RC;18/04/2018;15/05/2018;00:00;23:59
Ian;Russell;;wjfng5lyg55h6vf1;;3922274929;197491;RC;18/04/2018;15/05/2018;00:00;23:59
Jack;Walsh;;2rdnsx9jhqj6yr1q;;3922274929;286908;RC;18/04/2018;15/05/2018;00:00;23:59
David;Mackenzie;;dmxc34zqy1h9ypdp;;3922274929;43521;RC;18/04/2018;15/05/2018;00:00;23:59
Caroline;Newman;;eakh5hmb8nhiff4c;;3922274929;912804;RC;18/04/2018;15/05/2018;00:00;23:59
Carl;Hardacre;;rgr7usawrtwlpyey;;3922274929;204103;RC;18/04/2018;15/05/2018;00:00;23:59
Molly;Peters;;hhezn40229ecouv6;;3922274929;678633;RC;18/04/2018;15/05/2018;00:00;23:59
Madeleine;Churchill;;dh6nfk2tkj0v0ayg;;3922274929;598224;RC;18/04/2018;15/05/2018;00:00;23:59
Chloe;Murray;;35etjtn43ebocluq;;3922274929;772380;RC;18/04/2018;15/05/2018;00:00;23:59
Sam;Hunter;;3oombzdaqzw3eikr;;3922274929;490648;RC;18/04/2018;15/05/2018;00:00;23:59
Jasmine;Kelly;;0xlyexwws69dbfjm;;3922274929;92342;RC;18/04/2018;15/05/2018;00:00;23:59
Michael;Hodges;;f0zigo8qjy6jsgez;;3922274929;947611;RC;18/04/2018;15/05/2018;00:00;23:59
John;Baker;;v1zimf80nagzptjf;;3922274929;555191;RC;18/04/2018;15/05/2018;00:00;23:59
Lucas;Tucker;;bo5x2r4vmf5jpwfm;;3922274929;964325;RC;18/04/2018;15/05/2018;00:00;23:59
Eric;Churchill;;68s2iokx23v9tr1c;;3922274929;602031;RC;18/04/2018;15/05/2018;00:00;23:59
Kevin;Sutherland;;hiwkoo8suk4luci5;;3922274929;105379;RC;18/04/2018;15/05/2018;00:00;23:59
Ryan;Jackson;;82bbzhl9gjyjb6sf;;3922274929;224127;RC;18/04/2018;15/05/2018;00:00;23:59
Joan;Clarkson;;v7jln3vnrtmv8t7b;;3922274929;648637;RC;18/04/2018;15/05/2018;00:00;23:59
Blake;Lyman;;v5ry00564z2qmnfp;;3922274929;697799;RC;18/04/2018;15/05/2018;00:00;23:59
Peter;Peake;;2z0qbgzl5huflfeg;;3922274929;939269;RC;18/04/2018;15/05/2018;00:00;23:59
Thomas;Clark;;tl62nzxnrr6vksqw;;3922274929;532280;RC;18/04/2018;15/05/2018;00:00;23:59
Jacob;Davidson;;2ms8w0k0f3h56t84;;3922274929;601739;RC;18/04/2018;15/05/2018;00:00;23:59
Thomas;Gray;;mfq0fzwlqlxkazzu;;3922274929;313333;RC;18/04/2018;15/05/2018;00:00;23:59
Diane;Wilkins;;xh31g6ohy0xhnndr;;3922274929;999177;RC;18/04/2018;15/05/2018;00:00;23:59
Anne;Murray;;4numap6lzo3oui3v;;3922274929;994254;RC;18/04/2018;15/05/2018;00:00;23:59
Amanda;Berry;;8w6t1x0dmcp7zijr;;3922274929;501757;RC;18/04/2018;15/05/2018;00:00;23:59
Frank;Nolan;;37aig5o9xpcwuu01;;3922274929;407191;RC;18/04/2018;15/05/2018;00:00;23:59
Jack;Bell;;ebr2isyi35omp3lt;;3922274929;254888;RC;18/04/2018;15/05/2018;00:00;23:59
Anne;Vaughan;;xmowy0vkpoyd2y4t;;3922274929;904018;RC;18/04/2018;15/05/2018;00:00;23:59
Donna;Sanderson;;330tsukycf8kl90f;;3922274929;550796;RC;18/04/2018;15/05/2018;00:00;23:59
Ryan;Terry;;mbq8gtgtlfgxxqbq;;3922274929;374334;RC;18/04/2018;15/05/2018;00:00;23:59
Stephanie;Thomson;;0ilch9162hx67fcl;;3922274929;290153;RC;18/04/2018;15/05/2018;00:00;23:59
Charles;Hunter;;g93bx3iclpmiqivz;;3922274929;197994;RC;18/04/2018;15/05/2018;00:00;23:59
Jennifer;Gibson;;g3n3y9wtki8v3p2w;;3922274929;445123;RC;18/04/2018;15/05/2018;00:00;23:59
Lillian;Dowd;;qzrki491x144t93a;;3922274929;444382;RC;18/04/2018;15/05/2018;00:00;23:59
Lisa;Nash;;hheqz7srpb59ydbx;;3922274929;88467;RC;18/04/2018;15/05/2018;00:00;23:59
Kimberly;Allan;;t2ai6f86ckiq7yy5;;3922274929;710521;RC;18/04/2018;15/05/2018;00:00;23:59
Natalie;Ince;;6xw3p9st9iqq6ila;;3922274929;413913;RC;18/04/2018;15/05/2018;00:00;23:59
Karen;Dyer;;gg22ztud85edhqb3;;3922274929;775459;RC;18/04/2018;15/05/2018;00:00;23:59
Joanne;King;;omixpqyubot8mcrt;;3922274929;730020;RC;18/04/2018;15/05/2018;00:00;23:59
Sarah;Graham;;0u2hgo310efm9h9d;;3922274929;884147;RC;18/04/2018;15/05/2018;00:00;23:59
Gavin;Pullman;;g5zjmtqghsuisdgr;;3922274929;348726;RC;18/04/2018;15/05/2018;00:00;23:59
Gabrielle;Thomson;;v86tms7xrlpi3bii;;3922274929;552122;RC;18/04/2018;15/05/2018;00:00;23:59
Stephanie;Piper;;xaradtxel1ia9vpi;;3922274929;557255;RC;18/04/2018;15/05/2018;00:00;23:59
Ava;Gibson;;5jhnvtd7p0v1o1bx;;3922274929;260507;RC;18/04/2018;15/05/2018;00:00;23:59
Richard;Buckland;;85de9r27cdx2bncq;;3922274929;393792;RC;18/04/2018;15/05/2018;00:00;23:59
Edward;Powell;;ddnaefftzewzmc3j;;3922274929;137151;RC;18/04/2018;15/05/2018;00:00;23:59
Joseph;Hamilton;;x5961erw4ythq1kg;;3922274929;287321;RC;18/04/2018;15/05/2018;00:00;23:59
Victor;Slater;;udrabv5uzo9z3w3f;;3922274929;700271;RC;18/04/2018;15/05/2018;00:00;23:59
Keith;Parsons;;drug7vc0nir3z2m3;;3922274929;374825;RC;18/04/2018;15/05/2018;00:00;23:59
Matt;Cornish;;c8ubfawb1fqngomm;;3922274929;462645;RC;18/04/2018;15/05/2018;00:00;23:59
Samantha;Glover;;4dzcpvah4oywv1ad;;3922274929;226736;RC;18/04/2018;15/05/2018;00:00;23:59
Molly;Glover;;j5bekejr1sv3dpu0;;3922274929;156334;RC;18/04/2018;15/05/2018;00:00;23:59
Kylie;Buckland;;up6xdahdc05r14db;;3922274929;760065;RC;18/04/2018;15/05/2018;00:00;23:59
Phil;Hill;;vir2dt24r94ekxrw;;3922274929;670356;RC;18/04/2018;15/05/2018;00:00;23:59
Carl;Murray;;zjfqdsuv2rpvpxhe;;3922274929;246478;RC;18/04/2018;15/05/2018;00:00;23:59
Boris;Bailey;;qla942f7c85oj5u5;;3922274929;939107;RC;18/04/2018;15/05/2018;00:00;23:59
Madeleine;Bower;;llrva7xtac2zxvz9;;3922274929;886931;RC;18/04/2018;15/05/2018;00:00;23:59
Jane;Turner;;jvmr0t4965ng366g;;3922274929;621620;RC;18/04/2018;15/05/2018;00:00;23:59
Max;Kerr;;xy0ewggdspv5av98;;3922274929;19575;RC;18/04/2018;15/05/2018;00:00;23:59
Hannah;Sanderson;;a1a9r9q73bg9p3j4;;3922274929;429731;RC;18/04/2018;15/05/2018;00:00;23:59
Isaac;Blake;;teper7mig6ktjwme;;3922274929;664947;RC;18/04/2018;15/05/2018;00:00;23:59
Diana;Davidson;;8oc85kjsq8acc3it;;3922274929;531672;RC;18/04/2018;15/05/2018;00:00;23:59
William;Hardacre;;am4uwcohumg9te1o;;3922274929;15980;RC;18/04/2018;15/05/2018;00:00;23:59
Alexandra;Sanderson;;hp123chrg70l5yds;;3922274929;366895;RC;18/04/2018;15/05/2018;00:00;23:59
Dominic;Ferguson;;4qe6v3h362itkmha;;3922274929;7533;RC;18/04/2018;15/05/2018;00:00;23:59
Elizabeth;Poole;;bpw14h8lmyix94qz;;3922274929;127306;RC;18/04/2018;15/05/2018;00:00;23:59
Max;Vance;;9q5uay8ldayuqpxg;;3922274929;233496;RC;18/04/2018;15/05/2018;00:00;23:59
Emma;Harris;;tnhl6ew16ljli6ld;;3922274929;31165;RC;18/04/2018;15/05/2018;00:00;23:59
Paul;Powell;;vzd8hjdkckwx9kuh;;3922274929;460799;RC;18/04/2018;15/05/2018;00:00;23:59
Dylan;Skinner;;tr3yibqgi4d9berv;;3922274929;699628;RC;18/04/2018;15/05/2018;00:00;23:59
Gabrielle;Sanderson;;08ltdpq8xlp33tp5;;3922274929;927801;RC;18/04/2018;15/05/2018;00:00;23:59
Warren;Martin;;kxmap28lh4x2kqsw;;3922274929;235892;RC;18/04/2018;15/05/2018;00:00;23:59
Trevor;Cameron;;gjxrgdiwd5dcd985;;3922274929;927317;RC;18/04/2018;15/05/2018;00:00;23:59
Oliver;Murray;;g4i8vsc5xum5mdak;;3922274929;283400;RC;18/04/2018;15/05/2018;00:00;23:59
Michelle;Morgan;;9y8j5hle15nvvjyx;;3922274929;916348;RC;18/04/2018;15/05/2018;00:00;23:59
Thomas;Manning;;8lk0yul301cltwjg;;3922274929;683139;RC;18/04/2018;15/05/2018;00:00;23:59
Jason;Fisher;;q45rnnutdidlrmdc;;3922274929;153177;RC;18/04/2018;15/05/2018;00:00;23:59
Emily;Avery;;96cbigrl78qwgs3z;;3922274929;981352;RC;18/04/2018;15/05/2018;00:00;23:59
Warren;Hart;;3k2cu9rqv8ckqy8f;;3922274929;512365;RC;18/04/2018;15/05/2018;00:00;23:59
Joe;Metcalfe;;yy0ocovvceb6cu5m;;3922274929;183038;RC;18/04/2018;15/05/2018;00:00;23:59
Eric;Baker;;rpsss1qwosdh7c00;;3922274929;470487;RC;18/04/2018;15/05/2018;00:00;23:59
Richard;James;;6ntdkvcsgj0zzvaj;;3922274929;426879;RC;18/04/2018;15/05/2018;00:00;23:59
Mary;Arnold;;bnswbm6weeuo1s6d;;3922274929;730283;RC;18/04/2018;15/05/2018;00:00;23:59
Leonard;Reid;;yb83z7wpuqyflg3w;;3922274929;458476;RC;18/04/2018;15/05/2018;00:00;23:59
Fiona;Terry;;3yfbesyilxxzv9y9;;3922274929;916818;RC;18/04/2018;15/05/2018;00:00;23:59
Stewart;Bell;;ozlfjo073p7aipy7;;3922274929;791749;RC;18/04/2018;15/05/2018;00:00;23:59
Hannah;McGrath;;350rohphfw4ucka4;;3922274929;252847;RC;18/04/2018;15/05/2018;00:00;23:59
Luke;Piper;;5hn164mzyyhs6knx;;3922274929;80141;RC;18/04/2018;15/05/2018;00:00;23:59
Nicola;Bailey;;tar3hmtqn9tlvgs5;;3922274929;251789;RC;18/04/2018;15/05/2018;00:00;23:59
Lisa;Ellison;;zp25hbitgahoo331;;3922274929;884636;RC;18/04/2018;15/05/2018;00:00;23:59
Andrew;Slater;;r8ukfbrtkf45jjlc;;3922274929;224430;RC;18/04/2018;15/05/2018;00:00;23:59
Andrea;Nolan;;bs1lq6ekkl98qv1l;;3922274929;972813;RC;18/04/2018;15/05/2018;00:00;23:59
Michael;Hunter;;73qs3luxeuvck738;;3922274929;893750;RC;18/04/2018;15/05/2018;00:00;23:59
Jonathan;Glover;;u8cgjwi9ccbnqiil;;3922274929;776062;RC;18/04/2018;15/05/2018;00:00;23:59
Jasmine;Ball;;csbprzzv285gulfy;;3922274929;701687;RC;18/04/2018;15/05/2018;00:00;23:59
Neil;Payne;;ells45oepw4moca2;;3922274929;303668;RC;18/04/2018;15/05/2018;00:00;23:59
Michelle;Kelly;;2xpvc3cu77zouurl;;3922274929;962126;RC;18/04/2018;15/05/2018;00:00;23:59
Nicola;Berry;;ekjhajwpxj2s3dzd;;3922274929;236500;RC;18/04/2018;15/05/2018;00:00;23:59
Joseph;Hill;;scyo1ykwqc09f9t5;;3922274929;33665;RC;18/04/2018;15/05/2018;00:00;23:59
Yvonne;Kerr;;8gh07mcctbum2yr6;;3922274929;630261;RC;18/04/2018;15/05/2018;00:00;23:59
Matt;Mackenzie;;4k7odbbmfxbixc45;;3922274929;844207;RC;18/04/2018;15/05/2018;00:00;23:59
Penelope;Ogden;;p725fbyfsd29giqu;;3922274929;75686;RC;18/04/2018;15/05/2018;00:00;23:59
Sarah;Poole;;wjvs8z1xvyqnf07f;;3922274929;429362;RC;18/04/2018;15/05/2018;00:00;23:59
Leonard;Poole;;w61vwfyg7245yfcj;;3922274929;529500;RC;18/04/2018;15/05/2018;00:00;23:59
Joan;Gray;;66iuzkskpo9z9b0c;;3922274929;700739;RC;18/04/2018;15/05/2018;00:00;23:59
Pippa;Dickens;;icm3o8dk2yc2l9uf;;3922274929;290362;RC;18/04/2018;15/05/2018;00:00;23:59
Christian;Anderson;;epypz3fefaxwp1js;;3922274929;56615;RC;18/04/2018;15/05/2018;00:00;23:59
Gordon;North;;19ybh1bzmlxjfhv2;;3922274929;316494;RC;18/04/2018;15/05/2018;00:00;23:59
Victoria;Marshall;;lt8xn01vuz0hmclc;;3922274929;72679;RC;18/04/2018;15/05/2018;00:00;23:59
Amanda;Davidson;;mftcis7mvdbu5uwe;;3922274929;99149;RC;18/04/2018;15/05/2018;00:00;23:59
Leah;Jackson;;209nrzw1jkf941oa;;3922274929;261222;RC;18/04/2018;15/05/2018;00:00;23:59
Evan;Walsh;;20t0l4dda7pqqn94;;3922274929;141861;RC;18/04/2018;15/05/2018;00:00;23:59
Lillian;Young;;bcenqhgx9zekg8b9;;3922274929;573407;RC;18/04/2018;15/05/2018;00:00;23:59
Robert;Roberts;;ca4omixtten0wikd;;3922274929;136229;RC;18/04/2018;15/05/2018;00:00;23:59
Eric;Turner;;nvc6i5y10bs503rs;;3922274929;809075;RC;18/04/2018;15/05/2018;00:00;23:59
Brandon;Lambert;;w9qwiwe0amvb5ydr;;3922274929;804823;RC;18/04/2018;15/05/2018;00:00;23:59
Carl;Rampling;;ktekopm0c5vojqxo;;3922274929;723954;RC;18/04/2018;15/05/2018;00:00;23:59
Anna;Mackay;;qm8yu5per2auic1b;;3922274929;550707;RC;18/04/2018;15/05/2018;00:00;23:59
Karen;Greene;;bpa9b7z5ethmitie;;3922274929;967124;RC;18/04/2018;15/05/2018;00:00;23:59
Lily;Wilson;;4ddysh2gmuf613tc;;3922274929;280544;RC;18/04/2018;15/05/2018;00:00;23:59
Bella;Murray;;1als5u7uzziiwi52;;3922274929;109653;RC;18/04/2018;15/05/2018;00:00;23:59
Amelia;Dyer;;3fhfv8bdcumg53jj;;3922274929;571146;RC;18/04/2018;15/05/2018;00:00;23:59
Nicholas;Fisher;;gyd3lgstbwlo9tyv;;3922274929;540584;RC;18/04/2018;15/05/2018;00:00;23:59
Liam;Gibson;;cnj1ft7elv5a44v5;;3922274929;565402;RC;18/04/2018;15/05/2018;00:00;23:59
Jane;Watson;;f0czilme7il8xhyi;;3922274929;814867;RC;18/04/2018;15/05/2018;00:00;23:59
Grace;Gibson;;h05ltjofvd38zy3q;;3922274929;419463;RC;18/04/2018;15/05/2018;00:00;23:59
Sarah;McLean;;n5zjwzn5o6q5mhy6;;3922274929;604960;RC;18/04/2018;15/05/2018;00:00;23:59
Colin;Hughes;;esmvk8c7ooljj0zr;;3922274929;776549;RC;18/04/2018;15/05/2018;00:00;23:59
Katherine;McLean;;vlh736pl3s98ghww;;3922274929;145605;RC;18/04/2018;15/05/2018;00:00;23:59
Anne;Slater;;iut9pmyex5yurpfi;;3922274929;987268;RC;18/04/2018;15/05/2018;00:00;23:59
Dylan;Underwood;;draac712ij1cbclu;;3922274929;188308;RC;18/04/2018;15/05/2018;00:00;23:59
William;Cornish;;gg9wlopibwn5wsde;;3922274929;262326;RC;18/04/2018;15/05/2018;00:00;23:59
Penelope;Wright;;hf4vtsglnaxpf3od;;3922274929;182237;RC;18/04/2018;15/05/2018;00:00;23:59
Kevin;Rampling;;81hv9rs7n1anrjby;;3922274929;691220;RC;18/04/2018;15/05/2018;00:00;23:59
Julia;Ogden;;f4u9mn5bmefxcu4g;;3922274929;646366;RC;18/04/2018;15/05/2018;00:00;23:59
Mary;Clark;;mmdwqe4znjd2wxg3;;3922274929;619903;RC;18/04/2018;15/05/2018;00:00;23:59
Ruth;White;;uxfvkgr2uupoqmvg;;3922274929;122542;RC;18/04/2018;15/05/2018;00:00;23:59
Megan;Fisher;;7osvpjjcoxjoom7y;;3922274929;184732;RC;18/04/2018;15/05/2018;00:00;23:59
Karen;Underwood;;l3jb6fgnxbgf3apz;;3922274929;920162;RC;18/04/2018;15/05/2018;00:00;23:59
Simon;Lyman;;paloma9fi3a99upi;;3922274929;326560;RC;18/04/2018;15/05/2018;00:00;23:59
Leah;Cornish;;viulkbucjrmaua5p;;3922274929;712771;RC;18/04/2018;15/05/2018;00:00;23:59
Claire;Gill;;2trib29ll0e0964y;;3922274929;394721;RC;18/04/2018;15/05/2018;00:00;23:59
Theresa;Wilkins;;epspehkztisdj5w7;;3922274929;54022;RC;18/04/2018;15/05/2018;00:00;23:59
John;Graham;;kiorm7dxi7l3b9cg;;3922274929;387903;RC;18/04/2018;15/05/2018;00:00;23:59
Claire;Ellison;;z2enr237ho27x2uk;;3922274929;210690;RC;18/04/2018;15/05/2018;00:00;23:59
Stephen;Stewart;;9xddwi0wfk11fv0v;;3922274929;198585;RC;18/04/2018;15/05/2018;00:00;23:59
Tim;Taylor;;ds60361le5id0tfh;;3922274929;154868;RC;18/04/2018;15/05/2018;00:00;23:59
Paul;Dowd;;zs7swe5feeulh24g;;3922274929;461918;RC;18/04/2018;15/05/2018;00:00;23:59
Grace;Thomson;;hrqhqy34kobisnzb;;3922274929;279659;RC;18/04/2018;15/05/2018;00:00;23:59
Alan;Robertson;;14rgh1bb97yzn121;;3922274929;432558;RC;18/04/2018;15/05/2018;00:00;23:59
Ava;Gray;;54gqmghnertfk02o;;3922274929;308250;RC;18/04/2018;15/05/2018;00:00;23:59
William;Davidson;;zm6zc26cg0vkwcm2;;3922274929;361993;RC;18/04/2018;15/05/2018;00:00;23:59
Phil;May;;o8zk9af2p6absq8v;;3922274929;789144;RC;18/04/2018;15/05/2018;00:00;23:59
Zoe;Langdon;;psr7313oe0jik39s;;3922274929;540427;RC;18/04/2018;15/05/2018;00:00;23:59
Olivia;Nash;;qm21ee57cpgvzao5;;3922274929;954134;RC;18/04/2018;15/05/2018;00:00;23:59
Joan;Martin;;uwkgrrahskd2gzyl;;3922274929;806082;RC;18/04/2018;15/05/2018;00:00;23:59
Alison;Wright;;h4ds01hhiego23fj;;3922274929;338325;RC;18/04/2018;15/05/2018;00:00;23:59
Kimberly;Ellison;;2jrrpe8h6ouuqezi;;3922274929;590640;RC;18/04/2018;15/05/2018;00:00;23:59
Oliver;Hamilton;;edv7emj72gipzd04;;3922274929;465284;RC;18/04/2018;15/05/2018;00:00;23:59
Joshua;Dyer;;qos1i38oarxaygz4;;3922274929;373122;RC;18/04/2018;15/05/2018;00:00;23:59
Matt;Henderson;;u4gakbpxrujappbj;;3922274929;726686;RC;18/04/2018;15/05/2018;00:00;23:59
Michelle;Ogden;;8k4og1b9mfz37om9;;3922274929;968558;RC;18/04/2018;15/05/2018;00:00;23:59
Andrew;McDonald;;lhtid57n4rlxh5ls;;3922274929;969699;RC;18/04/2018;15/05/2018;00:00;23:59
Sarah;Ince;;c7tjxw4vmaei72kf;;3922274929;276114;RC;18/04/2018;15/05/2018;00:00;23:59
Grace;Hodges;;2u93r4f09pfimbt4;;3922274929;821646;RC;18/04/2018;15/05/2018;00:00;23:59
Kimberly;Dyer;;a5pqqghtfv4ev4t7;;3922274929;914803;RC;18/04/2018;15/05/2018;00:00;23:59
Wendy;Berry;;vuh6b0tbdfo1ucrf;;3922274929;990897;RC;18/04/2018;15/05/2018;00:00;23:59
Boris;Dyer;;na1fli60edemtbp8;;3922274929;534574;RC;18/04/2018;15/05/2018;00:00;23:59
Nicholas;Skinner;;jvsk33dx7ml4xin7;;3922274929;786023;RC;18/04/2018;15/05/2018;00:00;23:59
Nathan;Hart;;co0chcdhqf6ozeuu;;3922274929;80613;RC;18/04/2018;15/05/2018;00:00;23:59
Olivia;Forsyth;;ixbg50zp0ey3lq6i;;3922274929;200465;RC;18/04/2018;15/05/2018;00:00;23:59
Wendy;Thomson;;q9pk1rrconpkpbv6;;3922274929;74210;RC;18/04/2018;15/05/2018;00:00;23:59
Nicola;James;;0la7o6oa1wshzat9;;3922274929;258503;RC;18/04/2018;15/05/2018;00:00;23:59
Justin;Ince;;bdpe5v3oy5guijib;;3922274929;361369;RC;18/04/2018;15/05/2018;00:00;23:59
Karen;Manning;;hloms2zufppgpyft;;3922274929;471258;RC;18/04/2018;15/05/2018;00:00;23:59
Victoria;White;;iydjwejw5s345fvl;;3922274929;437950;RC;18/04/2018;15/05/2018;00:00;23:59
Alexander;Lyman;;kkpjv6p5k7bccd25;;3922274929;578883;RC;18/04/2018;15/05/2018;00:00;23:59
Diane;Gill;;7606d4b1urtznc05;;3922274929;439051;RC;18/04/2018;15/05/2018;00:00;23:59
Lucas;Vaughan;;py9yie32f613yyb2;;3922274929;77854;RC;18/04/2018;15/05/2018;00:00;23:59
Thomas;Smith;;7qk1nyb0x9sk96h4;;3922274929;794474;RC;18/04/2018;15/05/2018;00:00;23:59
Elizabeth;May;;tnj1cz6vsyy6wty4;;3922274929;507626;RC;18/04/2018;15/05/2018;00:00;23:59
Jane;Wilson;;hmxoepha70hr2ow9;;3922274929;496159;RC;18/04/2018;15/05/2018;00:00;23:59
Sonia;Alsop;;27r9w1691dm9xjdd;;3922274929;20853;RC;18/04/2018;15/05/2018;00:00;23:59
Rose;Parsons;;pd3ghybrlnztchop;;3922274929;335992;RC;18/04/2018;15/05/2018;00:00;23:59
Jake;May;;gvue7v7q1312409k;;3922274929;48295;RC;18/04/2018;15/05/2018;00:00;23:59
Mary;May;;ly9zntizk5wsr2b4;;3922274929;784842;RC;18/04/2018;15/05/2018;00:00;23:59
Carol;Vaughan;;tkeakh8hgusexnud;;3922274929;669095;RC;18/04/2018;15/05/2018;00:00;23:59
Brian;Graham;;4609uy2zdu9ceye0;;3922274929;636406;RC;18/04/2018;15/05/2018;00:00;23:59
Richard;Poole;;892zoqd5vmhd1z3t;;3922274929;212947;RC;18/04/2018;15/05/2018;00:00;23:59
Penelope;Gill;;b2cq15etl0klf6ml;;3922274929;769768;RC;18/04/2018;15/05/2018;00:00;23:59
Olivia;Robertson;;f33rmxk5q7xg6dhd;;3922274929;874507;RC;18/04/2018;15/05/2018;00:00;23:59
Lily;McDonald;;n0he4lhkp8krycjj;;3922274929;501215;RC;18/04/2018;15/05/2018;00:00;23:59
Tracey;Mackenzie;;fin11dqj1gayty4m;;3922274929;791591;RC;18/04/2018;15/05/2018;00:00;23:59
Maria;Berry;;qhbbpl8q5410qom1;;3922274929;540439;RC;18/04/2018;15/05/2018;00:00;23:59
Una;Fisher;;uvg8rmmtvhofi2h7;;3922274929;951297;RC;18/04/2018;15/05/2018;00:00;23:59
Victor;Walker;;bm3t6adbqwk7xg9f;;3922274929;845075;RC;18/04/2018;15/05/2018;00:00;23:59
Tracey;Springer;;sjm0ujtgyn8tsbsp;;3922274929;200591;RC;18/04/2018;15/05/2018;00:00;23:59
Eric;Coleman;;j61j0s36kgkhwp64;;3922274929;913453;RC;18/04/2018;15/05/2018;00:00;23:59
Samantha;King;;jr3ifxfj9s3t3wzg;;3922274929;696322;RC;18/04/2018;15/05/2018;00:00;23:59
Wendy;Ellison;;682v5cqtebppnu71;;3922274929;467606;RC;18/04/2018;15/05/2018;00:00;23:59
Angela;North;;glmrewb9wx3eqrcy;;3922274929;233309;RC;18/04/2018;15/05/2018;00:00;23:59
Alison;Berry;;ti1wvjogvuqche8g;;3922274929;661086;RC;18/04/2018;15/05/2018;00:00;23:59
Thomas;Anderson;;hzdv5sb2015hs5za;;3922274929;841708;RC;18/04/2018;15/05/2018;00:00;23:59
Angela;Peters;;rxhm5y4u9q4fzgwu;;3922274929;470683;RC;18/04/2018;15/05/2018;00:00;23:59
Natalie;Kerr;;rfghvyv7733likgp;;3922274929;173600;RC;18/04/2018;15/05/2018;00:00;23:59
Rose;Nolan;;62346oujwbu01me9;;3922274929;897228;RC;18/04/2018;15/05/2018;00:00;23:59
Andrew;Manning;;11uzmglow1iub60n;;3922274929;303524;RC;18/04/2018;15/05/2018;00:00;23:59
Luke;Gray;;iduryfqkocbh54xn;;3922274929;31564;RC;18/04/2018;15/05/2018;00:00;23:59
Vanessa;Lewis;;jvhoxhqm41580auh;;3922274929;582818;RC;18/04/2018;15/05/2018;00:00;23:59
Anne;Morgan;;t63ol3o2oz6fso3q;;3922274929;859935;RC;18/04/2018;15/05/2018;00:00;23:59
Jacob;Alsop;;r1qhibd3xdtbosdy;;3922274929;428858;RC;18/04/2018;15/05/2018;00:00;23:59
Brandon;Ferguson;;9ab95s8zaa21z64b;;3922274929;626800;RC;18/04/2018;15/05/2018;00:00;23:59
David;Wallace;;h30hbf55jyqsy2cg;;3922274929;92744;RC;18/04/2018;15/05/2018;00:00;23:59
Adrian;Dickens;;o9ohnwd9d8gmxry1;;3922274929;464947;RC;18/04/2018;15/05/2018;00:00;23:59
Colin;Vance;;yemxr346dbvg9304;;3922274929;389651;RC;18/04/2018;15/05/2018;00:00;23:59
Tim;Sanderson;;yqisn5gkuks6z84i;;3922274929;988111;RC;18/04/2018;15/05/2018;00:00;23:59
William;Hart;;d9zge6kn9dxs1f4k;;3922274929;427122;RC;18/04/2018;15/05/2018;00:00;23:59
Connor;Black;;16nz79lg25dw1puo;;3922274929;134034;RC;18/04/2018;15/05/2018;00:00;23:59
Bernadette;Carr;;jwxezustytzq0fxm;;3922274929;782234;RC;18/04/2018;15/05/2018;00:00;23:59
Austin;Howard;;bv8s9ok56wzb7u2s;;3922274929;126930;RC;18/04/2018;15/05/2018;00:00;23:59
Angela;Hill;;oftecgnlcokouml2;;3922274929;314122;RC;18/04/2018;15/05/2018;00:00;23:59
Michael;Lewis;;p09r261sdws338yg;;3922274929;967882;RC;18/04/2018;15/05/2018;00:00;23:59
Jake;Kelly;;qylppxrw19zd9g3l;;3922274929;966946;RC;18/04/2018;15/05/2018;00:00;23:59
Heather;Quinn;;ycmqkwx53ruk7fft;;3922274929;173476;RC;18/04/2018;15/05/2018;00:00;23:59
Blake;Reid;;mjrgxdnkvcf6mauj;;3922274929;951728;RC;18/04/2018;15/05/2018;00:00;23:59
Christopher;Peters;;dc70vbiit2kindzf;;3922274929;356718;RC;18/04/2018;15/05/2018;00:00;23:59
Virginia;White;;y2uxzv2wjmc0j11f;;3922274929;517787;RC;18/04/2018;15/05/2018;00:00;23:59
Sophie;Newman;;au4rqxeq03ocq6hc;;3922274929;799218;RC;18/04/2018;15/05/2018;00:00;23:59
Matt;Payne;;9jg1mimpza9ca10r;;3922274929;694003;RC;18/04/2018;15/05/2018;00:00;23:59
Dan;Watson;;7l5p0j1mpe7p8b5b;;3922274929;970269;RC;18/04/2018;15/05/2018;00:00;23:59
Kylie;Simpson;;4bdv61cth2y5kkn0;;3922274929;721092;RC;18/04/2018;15/05/2018;00:00;23:59
Benjamin;Turner;;xy8nvrqmh3ig590d;;3922274929;595740;RC;18/04/2018;15/05/2018;00:00;23:59
Amanda;Payne;;ssd4khold394a4lm;;3922274929;731989;RC;18/04/2018;15/05/2018;00:00;23:59
Caroline;Alsop;;28dw5yy0erptryct;;3922274929;401005;RC;18/04/2018;15/05/2018;00:00;23:59
Phil;Piper;;9crpacfkz01n61jy;;3922274929;331050;RC;18/04/2018;15/05/2018;00:00;23:59
Joanne;MacDonald;;89tuncav7e4ynmvu;;3922274929;88616;RC;18/04/2018;15/05/2018;00:00;23:59
Anna;Hardacre;;qx7fothhsgoljweu;;3922274929;644020;RC;18/04/2018;15/05/2018;00:00;23:59
Jane;Baker;;gmemo6w162s0xlb5;;3922274929;543906;RC;18/04/2018;15/05/2018;00:00;23:59
Max;Terry;;guxcuv3hsi76eb0h;;3922274929;616475;RC;18/04/2018;15/05/2018;00:00;23:59
Victoria;Gray;;e53j437m61iqvsxf;;3922274929;802643;RC;18/04/2018;15/05/2018;00:00;23:59
Jasmine;Clarkson;;6r6ayfeuoe4d35hj;;3922274929;195237;RC;18/04/2018;15/05/2018;00:00;23:59
Anna;Bond;;4mavldx7ik0qgljy;;3922274929;422735;RC;18/04/2018;15/05/2018;00:00;23:59
Christopher;Hemmings;;sb60xqododbscs6x;;3922274929;830347;RC;18/04/2018;15/05/2018;00:00;23:59
Elizabeth;Gill;;u9llw73jivtx1lb2;;3922274929;965936;RC;18/04/2018;15/05/2018;00:00;23:59
Kimberly;Dowd;;ywryvs4fhnx5zo7g;;3922274929;427567;RC;18/04/2018;15/05/2018;00:00;23:59
Joan;Brown;;sqm6km2yr6ahirvp;;3922274929;248310;RC;18/04/2018;15/05/2018;00:00;23:59
Tracey;Ferguson;;qhy47o49xxm9mu54;;3922274929;482607;RC;18/04/2018;15/05/2018;00:00;23:59
Luke;Gibson;;ze6kc564v4vgspiv;;3922274929;709174;RC;18/04/2018;15/05/2018;00:00;23:59
Luke;Skinner;;1147gk6slikfy6xv;;3922274929;933361;RC;18/04/2018;15/05/2018;00:00;23:59
Deirdre;Fisher;;64e7oaqb9s4e2wx9;;3922274929;968756;RC;18/04/2018;15/05/2018;00:00;23:59
Madeleine;Underwood;;0t4ur8hqe01dk7hh;;3922274929;188057;RC;18/04/2018;15/05/2018;00:00;23:59
Audrey;Lee;;jupfc60i8c38ervv;;3922274929;484169;RC;18/04/2018;15/05/2018;00:00;23:59
Victor;Lawrence;;6rc9vg1ll7rftbv7;;3922274929;752447;RC;18/04/2018;15/05/2018;00:00;23:59
